"Cap waktu","Nama (Inisial)","Jenis Kelamin","Fakultas/Jurusan (Untuk TPB ITB isi jurusan dengan TPB ITB)","Tahun ke berapa di kuliah?","Asal Universitas","Domisili","Berapa lama Anda menghabiskan waktu untuk belajar dalam sehari selain pada waktu kuliah?","Berapa persen materi yang diberikan saat pembelajaran sinkron yang disimak oleh Anda? (Pembelajaran tatap muka, contoh : gmeet, webinar, dll)","Berapa persen materi yang diberikan saat pembelajaran asinkron yang disimak oleh Anda? (Pembelajaran mandiri tanpa ada interaksi langsung dengan pemateri, contoh : video youtube, modul perkuliahan)","Seberapa sulit materi kuliah yang diberikan?","Seberapa sering diberikan Tugas/PR/Kuis?","Seberapa mudah akses materi perkuliahan lewat platform LMS? ","Berapa lama dalam sehari Anda melakukan kegiatan di luar akademik? (Kegiatan organisasi baik di UKM atau himpunan)","Apakah ketersediaan kuota/Internet cukup memadai untuk menunjang kegiatan pembelajaran?","Berapa lama Anda menghabiskan waktu untuk istirahat dalam sehari saat waktu kuliah","Pada jam berapa Anda biasanya tidur di waktu malam saat waktu kuliah?"
"2020/11/05 5:08:11 PM GMT+7","Ria","Perempuan","Matematika","2","ITB","Jawa Tengah","91 - 120 menit","81 - 100%","81% - 100%","2","3","4","151 - 180 menit","4","151 - 180 menit","22.00 - 23.00 WIB"
"2020/11/05 5:08:16 PM GMT+7","b","Laki-laki","FMIPA/Aktuaria","2","ITB","Jakarta","31 - 60 menit","61 - 80%","21 - 40%","4","3","3","61 - 90 menit","4","61 - 90 menit","00.00 - 01.00 WIB"
"2020/11/05 5:09:28 PM GMT+7","danzel","Laki-laki","Matematika","2","ITB","Cimahi","0 - 30 menit","21 - 40%","0 - 20%","2","4","5","61 - 90 menit","2","151 - 180 menit","20.00 - 21.00 WIB"
"2020/11/05 5:11:28 PM GMT+7","hfy","Perempuan","Aktuaria","2","ITB","Bandung","121 - 150 menit","0 - 20 %","81% - 100%","2","4","3","61 - 90 menit","5","151 - 180 menit","02.00 - 03.00 WIB"
"2020/11/05 5:16:52 PM GMT+7","AP","Laki-laki","FTTM/TG","2","ITB","Denpasar, Bali","151 - 180 menit","61 - 80%","81% - 100%","2","5","5","151 - 180 menit","5","91 - 120 menit","02.00 - 03.00 WIB"
"2020/11/05 5:17:12 PM GMT+7","Darid","Laki-laki","Fti","2018","Its","Surabaya","91 - 120 menit","41 - 60%","21 - 40%","4","3","3","91 - 120 menit","3","91 - 120 menit","00.00 - 01.00 WIB"
"2020/11/05 5:18:09 PM GMT+7","Astrajingga","Laki-laki","Astro","2","ITB","Bandung","91 - 120 menit","41 - 60%","41 - 60%","2","3","5","121 - 150 menit","2","31 - 60 menit","00.00 - 01.00 WIB"
"2020/11/05 5:18:43 PM GMT+7","MM","Perempuan","Matematika","2","Institut Teknologi Bandung","Bekasi","61 - 90 menit","41 - 60%","61 - 80%","1","5","4","31 - 60 menit","4","151 - 180 menit","00.00 - 01.00 WIB"
"2020/11/05 5:19:11 PM GMT+7","Subandi","Laki-laki","Arsitektur","5","UC","Surabaya","91 - 120 menit","61 - 80%","21 - 40%","3","5","3","31 - 60 menit","4","61 - 90 menit","Jam 2 an , kalau ada UCL jam 5"
"2020/11/05 5:20:33 PM GMT+7","AS","Perempuan","FTIRS ITS","2","ITS","Surabaya","91 - 120 menit","21 - 40%","41 - 60%","1","5","4","61 - 90 menit","5","Sekitar 240 menit","01.00 - 02.00 WIB"
"2020/11/05 5:22:16 PM GMT+7","Gak usah pake intial. Langsung aja. RADITHYA Z HISYAM","Laki-laki","Ilmu komunikasi","2019","Unisbray","Cimahi","31 - 60 menit","21 - 40%","21 - 40%","3","5","4","Punten gak ikut organisasi","2","Kalau sudah cape kuliah ya istirahat","00.00 - 01.00 WIB"
"2020/11/05 5:23:51 PM GMT+7","A","Perempuan","Teknik Material","3","ITS","Surabaya","91 - 120 menit","0 - 20 %","41 - 60%","1","5","4","91 - 120 menit","5","240-330 menit","01.00 - 02.00 WIB"
"2020/11/05 5:29:23 PM GMT+7","F","Laki-laki","Teknik, Arsitektur","2018","Brawijaya","Surabaya","91 - 120 menit","41 - 60%","61 - 80%","1","5","3","61 - 90 menit","1","0 - 30 menit","01.00 - 02.00 WIB"
"2020/11/05 5:33:02 PM GMT+7","Delfira","Perempuan","Fakultas Hukum / Ilmu Hukum","tahun ke 2","Universitas Airlangga","Surabaya","61 - 90 menit","61 - 80%","0 - 20%","2","3","5","0 - 30 menit","4","31 - 60 menit","22.00 - 23.00 WIB"
"2020/11/05 5:36:07 PM GMT+7","Rasty","Perempuan","Teknik dan sistem industri ","2,5","ITS","Surabaya","61 - 90 menit","41 - 60%","0 - 20%","4","5","5","31 - 60 menit","4","61 - 90 menit","00.00 - 01.00 WIB"
"2020/11/05 5:36:57 PM GMT+7","Rengga","Laki-laki","FISIP/HI","2","UNPAR","Cimahi","0 - 30 menit","21 - 40%","41 - 60%","4","1","3","0 - 30 menit","3","121 - 150 menit","00.00 - 01.00 WIB"
"2020/11/05 5:37:33 PM GMT+7","A","Laki-laki","FMIPA / MA","2","ITB","DKI Jakarta","31 - 60 menit","61 - 80%","41 - 60%","3","2","2","0 - 30 menit","4","Selama tidak kukiah atau mengerjakan tugas","01.00 - 02.00 WIB"
"2020/11/05 5:39:31 PM GMT+7","Ahlam","Laki-laki","FMIPA/Kimia","2","Universitas Padjajaran","Cimahi","0 - 30 menit","41 - 60%","21 - 40%","2","5","3","121 - 150 menit","4","151 - 180 menit","01.00 - 02.00 WIB"
"2020/11/05 5:46:37 PM GMT+7","AF","Laki-laki","MIPA/Fisika","2","UNPAD","Kab. Bandung Barat","0 - 30 menit","21 - 40%","21 - 40%","3","4","4","0 - 30 menit","5","121 - 150 menit","00.00 - 01.00 WIB"
"2020/11/05 5:49:33 PM GMT+7","AJH","Laki-laki","FITB/Teknik Geologi","2","Institut Teknologi Bandung","Bandung","31 - 60 menit","61 - 80%","61 - 80%","4","5","3","91 - 120 menit","5","91 - 120 menit","01.00 - 02.00 WIB"
"2020/11/05 5:52:31 PM GMT+7","F A","Perempuan","matematika","2","ITB","Padang","91 - 120 menit","61 - 80%","21 - 40%","3","5","3","91 - 120 menit","3","151 - 180 menit","22.00 - 23.00 WIB"
"2020/11/05 5:55:19 PM GMT+7","V","Perempuan","Teknik","3","UPNVJT","Surabaya","91 - 120 menit","21 - 40%","81% - 100%","3","5","4","151 - 180 menit","4","61 - 90 menit","01.00 - 02.00 WIB"
"2020/11/05 5:56:28 PM GMT+7","L","Perempuan","Hukum","2","Unair","Surabaya","31 - 60 menit","41 - 60%","21 - 40%","3","4","4","151 - 180 menit","4","61 - 90 menit","22.00 - 23.00 WIB"
"2020/11/05 5:58:01 PM GMT+7","Af","Laki-laki","Matematika","2","Itb","Bandung","61 - 90 menit","41 - 60%","41 - 60%","1","3","3","61 - 90 menit","4","61 - 90 menit","00.00 - 01.00 WIB"
"2020/11/05 6:00:22 PM GMT+7","MLF","Laki-laki","FMIPA/Astronomi","2","ITB","Cimahi","31 - 60 menit","81 - 100%","81% - 100%","2","2","5","31 - 60 menit","4","Tidur malam? sekitar 5 jam. Tidur siang? 31 - 60 menit.","00.00 - 01.00 WIB"
"2020/11/05 6:01:50 PM GMT+7","OP","Laki-laki","Matematika","2","ITB","Bogor","91 - 120 menit","61 - 80%","41 - 60%","2","4","2","31 - 60 menit","4","91 - 120 menit","01.00 - 02.00 WIB"
"2020/11/05 6:04:54 PM GMT+7","W","Perempuan","Matem","2","ITB","Jakarta","151 - 180 menit","21 - 40%","61 - 80%","2","2","5","61 - 90 menit","5","61 - 90 menit","22.00 - 23.00 WIB"
"2020/11/05 6:07:11 PM GMT+7","Alif K.M Akbar Wibowo","Laki-laki","Fisika","2","ITB","DKI Jakarta","151 - 180 menit","61 - 80%","21 - 40%","2","5","3","121 - 150 menit","4","91 - 120 menit","01.00 - 02.00 WIB"
"2020/11/05 6:07:28 PM GMT+7","Van","Perempuan","Teknologi Laboratorium Medis","3","Poltekkes Kemenkes Bandung","Kab. Bandung","151 - 180 menit","41 - 60%","0 - 20%","3","4","2","31 - 60 menit","4","31 - 60 menit","00.00 - 01.00 WIB"
"2020/11/05 6:12:03 PM GMT+7","PA","Laki-laki","Manajemen","3","ITB","BANDUNG","0 - 30 menit","41 - 60%","21 - 40%","4","5","3","121 - 150 menit","1","151 - 180 menit","00.00 - 01.00 WIB"
"2020/11/05 6:14:56 PM GMT+7","Kopites","Laki-laki","Mantan TPB","KEduA","Gajah Asli","Sunda land","Sampe Olab","81 - 100%","81% - 100%","3","4","3","61 - 90 menit","3","Sampe fres","00.00 - 01.00 WIB"
"2020/11/05 6:19:09 PM GMT+7","F","Perempuan","TPB ITB","1","ITB","Bandung","91 - 120 menit","41 - 60%","41 - 60%","3","3","2","31 - 60 menit","3","61 - 90 menit","21.00 - 22.00 WIB"
"2020/11/05 6:19:56 PM GMT+7","AR","Perempuan","TPB ITB","1","ITB","Bandung","91 - 120 menit","21 - 40%","0 - 20%","4","3","4","61 - 90 menit","5","61 - 90 menit","00.00 - 01.00 WIB"
"2020/11/05 6:20:39 PM GMT+7","Z","Laki-laki","TPB ITB","1","ITB","Kab. Bandung","121 - 150 menit","41 - 60%","61 - 80%","4","5","4","31 - 60 menit","4","91 - 120 menit","22.00 - 23.00 WIB"
"2020/11/05 6:23:00 PM GMT+7","Fina","Perempuan","Fakultas Ilmu Komunikasi","2","Universitas Padjadjaran","Bandung","0 - 30 menit","21 - 40%","61 - 80%","3","4","3","61 - 90 menit","2","91 - 120 menit","22.00 - 23.00 WIB"
"2020/11/05 6:26:50 PM GMT+7","EP","Perempuan","FITB","1","ITB","Kab. Bandung","151 - 180 menit","21 - 40%","61 - 80%","2","2","3","61 - 90 menit","3","31 - 60 menit","00.00 - 01.00 WIB"
"2020/11/05 6:32:48 PM GMT+7","F","Perempuan","TPB ITB","1","ITB","Kab. Bandung Barat","151 - 180 menit","0 - 20 %","81% - 100%","3","3","1","0 - 30 menit","3","31 - 60 menit","00.00 - 01.00 WIB"
"2020/11/05 6:34:10 PM GMT+7","d","Laki-laki","Psikologi/Psikologi","3","Unpad","Bandung","91 - 120 menit","61 - 80%","21 - 40%","4","2","3","151 - 180 menit","5","151 - 180 menit","22.00 - 23.00 WIB"
"2020/11/05 6:37:29 PM GMT+7","YR","Laki-laki","SAPPK/PL","2","ITB","Madiun","31 - 60 menit","61 - 80%","21 - 40%","3","5","4","31 - 60 menit","3","31 - 60 menit","02.00 - 03.00 WIB"
"2020/11/05 6:37:47 PM GMT+7","J","Perempuan","Teknik Kimia","2","ITB","Tangerang Selatan","61 - 90 menit","21 - 40%","61 - 80%","2","5","4","31 - 60 menit","5","5 jam","01.00 - 02.00 WIB"
"2020/11/05 6:40:16 PM GMT+7","AP","Laki-laki","Kimia","2","ITB","Bandung","61 - 90 menit","21 - 40%","41 - 60%","1","1","2","91 - 120 menit","4","91 - 120 menit","00.00 - 01.00 WIB"
"2020/11/05 6:40:27 PM GMT+7","Hq","Laki-laki","TPB ITB","1","Institut Teknologi Bandung","Kabupaten Bandung Barat","91 - 120 menit","81 - 100%","81% - 100%","2","3","4","Tidak menentu","3","6 jam","Tidak menentu"
"2020/11/05 6:43:20 PM GMT+7","MR","Laki-laki","Farmasi","3","Poltekkes Bandung","Bandung","31 - 60 menit","41 - 60%","81% - 100%","1","5","5","61 - 90 menit","3","31 - 60 menit","00.00 - 01.00 WIB"
"2020/11/05 6:43:28 PM GMT+7","M","Perempuan","HUKUM","3","UNAIR","Depok","-","61 - 80%","0 - 20%","3","5","4","91 - 120 menit","3","151 - 180 menit","20.00 - 21.00 WIB"
"2020/11/05 6:48:13 PM GMT+7","Aurorah","Perempuan","Poltekkes Kebidanan","tahun ke 3","poltekkes","Bandung","121 - 150 menit","21 - 40%","21 - 40%","3","5","3","0 - 30 menit","3","61 - 90 menit","21.00 - 22.00 WIB"
"2020/11/05 6:49:27 PM GMT+7","C","Perempuan","statistika bisnis","3","ITS","surabaya","31 - 60 menit","61 - 80%","41 - 60%","2","5","4","61 - 90 menit","3","0 - 30 menit","00.00 - 01.00 WIB"
"2020/11/05 6:52:39 PM GMT+7","Dhimas Bimantoro","Laki-laki","Teknik dan Ilmu Komputer / Arsitektur","2","UNIKOM","Bandung","91 - 120 menit","41 - 60%","61 - 80%","2","5","5","91 - 120 menit","1","91 - 120 menit","03.00 - 05.00"
"2020/11/05 6:55:58 PM GMT+7","AK","Laki-laki","TPB","1","ITB","Bandung","0 - 30 menit","61 - 80%","41 - 60%","3","3","3","151 - 180 menit","3","151 - 180 menit","22.00 - 23.00 WIB"
"2020/11/05 6:58:52 PM GMT+7","AJH","Laki-laki","FITB/Teknik Geologi","2","Institut Teknologi Bandung","Bandung","31 - 60 menit","61 - 80%","61 - 80%","4","5","3","91 - 120 menit","5","91 - 120 menit","01.00 - 02.00 WIB"
"2020/11/05 7:05:44 PM GMT+7","f","Perempuan","kimia","2","itb","bdg","91 - 120 menit","41 - 60%","61 - 80%","2","4","3","31 - 60 menit","4","151 - 180 menit","22.00 - 23.00 WIB"
"2020/11/05 7:20:18 PM GMT+7","TWK","Perempuan","TPB ITB","1","ITB","Bandung","91 - 120 menit","61 - 80%","21 - 40%","1","4","5","31 - 60 menit","5","31 - 60 menit","00.00 - 01.00 WIB"
"2020/11/05 7:22:48 PM GMT+7","IM","Perempuan","FTI/Teknik Fisika","2","ITB","Tangerang","Tidak menentu","21 - 40%","81% - 100%","2","5","5","121 - 150 menit","4","151 - 180 menit","01.00 - 02.00 WIB"
"2020/11/05 7:25:31 PM GMT+7","Nick","Laki-laki","Aktuaria","2","ITB","Palembang, Sumatera Selatan","121 - 150 menit","41 - 60%","61 - 80%","2","5","3","91 - 120 menit","3","31 - 60 menit","01.00 - 02.00 WIB"
"2020/11/05 7:37:33 PM GMT+7","Rizky","Laki-laki","TPB ITB","1","ITB","Banten","91 - 120 menit","61 - 80%","61 - 80%","4","3","2","0 - 30 menit","4","0 - 30 menit","00.00 - 01.00 WIB"
"2020/11/05 7:41:09 PM GMT+7","NSF","Perempuan","SITHR/TPB","1","ITB","Surabaya","61 - 90 menit","41 - 60%","21 - 40%","1","1","4","61 - 90 menit","4","31 - 60 menit","22.00 - 23.00 WIB"
"2020/11/05 7:42:06 PM GMT+7","I","Perempuan","TPB ITB","1","ITB","Bandung","61 - 90 menit","81 - 100%","61 - 80%","2","5","5","0 - 30 menit","4","31 - 60 menit","00.00 - 01.00 WIB"
"2020/11/05 7:59:20 PM GMT+7","J","Laki-laki","TPB","1","ITB","Bandung","91 - 120 menit","41 - 60%","61 - 80%","1","5","5","Sisanya","5","151 - 180 menit","01.00 - 02.00 WIB"
"2020/11/05 11:12:47 PM GMT+7","Saya","Perempuan","Mipa","2","Unisba","Bandung","151 - 180 menit","21 - 40%","0 - 20%","3","5","3","91 - 120 menit","3","31 - 60 menit","22.00 - 23.00 WIB"
"2020/11/06 8:10:08 AM GMT+7","A","Perempuan","FMIPA/Kimia","2019","ITB","Kab. Bandung","91 - 120 menit","61 - 80%","81% - 100%","2","5","3","4-6 jam dalam satu minggu","4","6 jam","tidak tentu. bisa lebih cepat atau kadang shubuh baru bisa tidur. atau bisa juga tidak tidur sama sekali"
"2020/11/06 11:35:39 AM GMT+7","Mijan","Perempuan","Fpmipa","2","UPI","Dharmasraya","91 - 120 menit","61 - 80%","0 - 20%","3","3","4","61 - 90 menit","4","91 - 120 menit","22.00 - 23.00 WIB"
"2020/11/06 1:55:13 PM GMT+7","L","Perempuan","FMIPA/Matematika","2","ITB","Bandung","0 - 30 menit","41 - 60%","41 - 60%","2","4","4","61 - 90 menit","4","31 - 60 menit","23.00 - 00.00 WIB"
"2020/11/06 1:58:50 PM GMT+7","Rafi","Laki-laki","Matematika","2","ITB","Cianjur","61 - 90 menit","41 - 60%","61 - 80%","2","3","4","0 - 30 menit","5","151 - 180 menit","22.00 - 23.00 WIB"
"2020/11/06 2:08:04 PM GMT+7","Y","Perempuan","PWK","2","ITB","Sleman","31 - 60 menit","41 - 60%","61 - 80%","2","4","5","91 - 120 menit","4","31 - 60 menit","22.00 - 23.00 WIB"
"2020/11/06 2:29:51 PM GMT+7","AZ","Laki-laki","FMIPA/Matematika","2","ITB","Cimahi","91 - 120 menit","41 - 60%","21 - 40%","2","4","4","91 - 120 menit","5","121 - 150 menit","22.00 - 23.00 WIB"
"2020/11/06 2:48:07 PM GMT+7","T. V. R. A. P.","Laki-laki","T-Kurs","1","Karlsruher Institut für Technologie","Stutensee","121 - 150 menit","41 - 60%","61 - 80%","2","5","3","0 - 30 menit","4","151 - 180 menit","07.00 - 08.00 WIB"
"2020/11/06 2:48:21 PM GMT+7","HRP","Perempuan","MB","2","ITB","Kota Malang","61 - 90 menit","41 - 60%","81% - 100%","4","5","5","91 - 120 menit","4","91 - 120 menit","23.00 - 00.00 WIB"
"2020/11/06 2:54:43 PM GMT+7","a","Laki-laki","STEI/Teknik Biomedis","2","ITB","Bandung","91 - 120 menit","41 - 60%","41 - 60%","4","5","3","91 - 120 menit","5","31 - 60 menit","01.00 - 04.00"
"2020/11/06 3:25:23 PM GMT+7","C","Perempuan","Teknik Material","2","ITB","Bandung","0 - 30 menit","21 - 40%","61 - 80%","2","5","2","121 - 150 menit","4","151 - 180 menit","00.00 - 01.00 WIB"
"2020/11/06 4:50:06 PM GMT+7","Clara","Perempuan","FTSL/TPB ITB","1","ITB","Bandung","121 - 150 menit","41 - 60%","61 - 80%","2","4","5","91 - 120 menit","5","91 - 120 menit","23.00 - 00.00 WIB"
"2020/11/06 5:08:41 PM GMT+7","C","Perempuan","Matematika","2","ITB","Sukabumi","61 - 90 menit","41 - 60%","61 - 80%","2","3","3","61 - 90 menit","3","4-6 jam","00.00 - 01.00 WIB"
"2020/11/06 5:40:43 PM GMT+7","IN","Laki-laki","matematika","2","ITB","jakarta","31 - 60 menit","61 - 80%","81% - 100%","3","1","4","0 - 30 menit","5","151 - 180 menit","20.00 - 21.00 WIB"
"2020/11/06 10:25:06 PM GMT+7","FH","Laki-laki","MT","2","ITB","Lampung","151 - 180 menit","81 - 100%","61 - 80%","1","5","5","151 - 180 menit","4","61 - 90 menit","01.00 - 02.00 WIB"
"2020/11/07 12:10:23 AM GMT+7","G","Perempuan","Akuntansi","2 ","STIESIA SURABAYA","Surabaya","0 - 30 menit","41 - 60%","41 - 60%","2","5","5","0 - 30 menit","2","61 - 90 menit","23.00 - 00.00 WIB"
"2020/11/07 10:57:54 AM GMT+7","C","Perempuan","FMIPA/FISIKA","2","ITB","Jakarta","31 - 60 menit","41 - 60%","21 - 40%","1","4","3","0 - 30 menit","3","0 - 30 menit","22.00 - 23.00 WIB"
"2020/11/07 10:58:17 AM GMT+7","L","Perempuan","Fisika","2","ITB","Tidore","61 - 90 menit","41 - 60%","21 - 40%","3","3","3","0 - 30 menit","3","31 - 60 menit","23.00 - 00.00 WIB"
"2020/11/07 11:17:58 AM GMT+7","Utdi","Perempuan","Fakultas Teknologi Informasi/Teknik Informatika","3","Universitas YARSI","Bekasi, Jawa Barat","31 - 60 menit","21 - 40%","61 - 80%","3","5","4","0 - 30 menit","5","151 - 180 menit","23.00 - 00.00 WIB"
"2020/11/07 11:27:50 AM GMT+7","nty","Perempuan","kimia","2","itb","padang","91 - 120 menit","21 - 40%","0 - 20%","1","5","4","61 - 90 menit","4","61 - 90 menit","01.00 - 02.00 WIB"
"2020/11/07 12:09:40 PM GMT+7","AGQ","Perempuan","TPB ITB","1","ITB","PADANG ","91 - 120 menit","41 - 60%","21 - 40%","4","3","3","31 - 60 menit","3","151 - 180 menit","22.00 - 23.00 WIB"
"2020/11/07 12:42:07 PM GMT+7","Terawan","Laki-laki","Geodesi","3","ITB","Gresik","61 - 90 menit","61 - 80%","41 - 60%","4","5","4","61 - 90 menit","5","151 - 180 menit","01.00 - 02.00 WIB"
"2020/11/07 12:47:49 PM GMT+7","Y","Laki-laki","Fisika","2","ITB","Padang","0 - 30 menit","41 - 60%","61 - 80%","3","4","4","61 - 90 menit","3","> 180 menit","22.00 - 23.00 WIB"
"2020/11/07 4:42:39 PM GMT+7","NA","Perempuan","SI","2","ITB","Jakarta","61 - 90 menit","61 - 80%","21 - 40%","4","5","3","91 - 120 menit","5","61 - 90 menit","02.00 - 03.00 WIB"
"2020/11/07 4:52:10 PM GMT+7","gfa","Laki-laki","STEI/STI","2","ITB","cimahi","91 - 120 menit","61 - 80%","61 - 80%","1","1","5","151 - 180 menit","3","151 - 180 menit","23.00 - 00.00 WIB"
"2020/11/07 7:47:15 PM GMT+7","T","Perempuan","FI","2","ITB","Tasik","61 - 90 menit","41 - 60%","0 - 20%","2","3","4","61 - 90 menit","2","31 - 60 menit","22.00 - 23.00 WIB"
"2020/11/07 8:24:17 PM GMT+7","Rahmat","Laki-laki","Kimia","2","ITB","Bandung","0 - 30 menit","0 - 20 %","0 - 20%","3","3","3","61 - 90 menit","3","151 - 180 menit","21.00 - 22.00 WIB"
"2020/11/07 8:34:49 PM GMT+7","S","Perempuan","FI","2","ITB","PEKANBARU","31 - 60 menit","41 - 60%","21 - 40%","2","3","2","31 - 60 menit","4","6 jam","00.00 - 01.00 WIB"
"2020/11/07 8:42:04 PM GMT+7","Charlie","Perempuan","Matematika","2","ITB","Jakarta","Lebih dari 3 jam","41 - 60%","21 - 40%","1","5","5","31 - 60 menit","5","151 - 180 menit","22.00 - 23.00 WIB"
"2020/11/07 8:59:49 PM GMT+7","Qisthi","Perempuan","Teknik sipil","2","Itb","Banda aceh","31 - 60 menit","41 - 60%","21 - 40%","3","5","5","31 - 60 menit","4","91 - 120 menit","00.00 - 01.00 WIB"
"2020/11/07 9:20:25 PM GMT+7","R","Perempuan","Kimia","Duaaaa","Itebe","Jakarta","151 - 180 menit","61 - 80%","21 - 40%","1","5","2","31 - 60 menit","3","151 - 180 menit","23.00 - 00.00 WIB"
"2020/11/07 9:41:51 PM GMT+7","Badu","Laki-laki","FMIPA/Fisika","2","ITB","Pekanbaru, Riau ","121 - 150 menit","81 - 100%","21 - 40%","2","5","5","61 - 90 menit","5","61 - 90 menit","22.00 - 23.00 WIB"
"2020/11/07 10:34:30 PM GMT+7","Mikail","Laki-laki","FITB/Teknik Geologi","2","ITB","Bandung","91 - 120 menit","41 - 60%","81% - 100%","2","4","3","91 - 120 menit","4","61 - 90 menit","00.00 - 01.00 WIB"
"2020/11/07 10:34:55 PM GMT+7","Jape","Laki-laki","Aktuaria","2","ITB","Bandung","91 - 120 menit","61 - 80%","81% - 100%","2","3","4","31 - 60 menit","5","91 - 120 menit","23.00 - 00.00 WIB"
"2020/11/07 10:55:31 PM GMT+7","TM","Laki-laki","EL","2","ITB","Tangerang","91 - 120 menit","41 - 60%","61 - 80%","1","4","2","91 - 120 menit","4","91 - 120 menit","01.00 - 02.00 WIB"
"2020/11/08 8:09:16 AM GMT+7","Mr","Perempuan","Fmipa/kimia","2","Unpad","Bandung","91 - 120 menit","41 - 60%","41 - 60%","2","5","5","121 - 150 menit","4","91 - 120 menit","23.00 - 00.00 WIB"
"2020/11/08 8:21:18 AM GMT+7","R","Perempuan","Fmipa/kimia","2","Unpad","Tasikmalaya","151 - 180 menit","61 - 80%","41 - 60%","1","1","3","31 - 60 menit","4","61 - 90 menit","23.00 - 00.00 WIB"
"2020/11/08 8:23:57 AM GMT+7","Mario","Laki-laki","fmipa","2","unchpad","bdg","0 - 30 menit","0 - 20 %","0 - 20%","1","5","1","151 - 180 menit","1","151 - 180 menit","21.00 - 22.00 WIB"
"2020/11/08 8:24:02 AM GMT+7","K","Perempuan","FMIPA/Kimia","2","Universitas Padjadjaran","Bandung","121 - 150 menit","81 - 100%","21 - 40%","1","5","3","0 - 30 menit","4","151 - 180 menit","23.00 - 00.00 WIB"
"2020/11/08 8:50:02 AM GMT+7","Salma","Perempuan","FMIPA/Kimia","2","Universitas Padjadjaran","Depok","0 - 30 menit","0 - 20 %","21 - 40%","4","5","4","121 - 150 menit","5","0 - 30 menit","00.00 - 01.00 WIB"
"2020/11/08 9:43:55 AM GMT+7","PKS ","Perempuan","FMIPA/kimi","2","unpad","bandung","91 - 120 menit","21 - 40%","61 - 80%","2","5","3","61 - 90 menit","4","0 - 30 menit","23.00 - 00.00 WIB"
"2020/11/08 11:44:38 AM GMT+7","Wisnu","Laki-laki","Kimia","2","ITB","Jawa Barat","91 - 120 menit","41 - 60%","61 - 80%","4","4","4","61 - 90 menit","4","31 - 60 menit","00.00 - 01.00 WIB"
"2020/11/08 1:13:25 PM GMT+7","MR","Perempuan","FTI-J/Teknik Pangan","2","ITB","Bekasi","61 - 90 menit","61 - 80%","21 - 40%","3","4","5","61 - 90 menit","5","121 - 150 menit","23.00 - 00.00 WIB"
"2020/11/08 1:49:38 PM GMT+7","DA","Perempuan","SAPPK/TPB","2020","ITB","Medan","91 - 120 menit","41 - 60%","61 - 80%","2","4","3","61 - 90 menit","4","151 - 180 menit","00.00 - 01.00 WIB"
"2020/11/08 3:24:45 PM GMT+7","NF","Laki-laki","TPB ITB","1","ITB","Bandung","0 - 30 menit","41 - 60%","41 - 60%","3","2","4","31 - 60 menit","4","61 - 90 menit","21.00 - 22.00 WIB"
"2020/11/08 5:57:01 PM GMT+7","Rika Fitriani","Perempuan","Bimbel Pasha","1999","UNY","Prabumulih","61 - 90 menit","81 - 100%","61 - 80%","4","4","4","91 - 120 menit","3","91 - 120 menit","21.00 - 22.00 WIB"
"2020/11/08 6:53:01 PM GMT+7","IAR","Laki-laki","PL","2","ITB","Purbalingga","91 - 120 menit","41 - 60%","41 - 60%","3","3","3","61 - 90 menit","3","121 - 150 menit","00.00 - 01.00 WIB"
"2020/11/09 7:38:13 AM GMT+7","T","Laki-laki","FMIPA/Tpb itb","1","Itb","Inderapura","61 - 90 menit","41 - 60%","61 - 80%","3","4","2","31 - 60 menit","2","31 - 60 menit","01.00 - 02.00 WIB"
"2020/11/09 11:34:32 AM GMT+7","Fayez Gatri","Laki-laki","FTMD/Teknik Mesin","2","Institut Teknologi Bandung","Tangerang Selatan","91 - 120 menit","21 - 40%","81% - 100%","2","5","3","61 - 90 menit","4","91 - 120 menit","00.00 - 01.00 WIB"
"2020/11/09 4:37:58 PM GMT+7","VH","Laki-laki","FMIPA/Aktuaria","2","ITB","Pontianak","91 - 120 menit","41 - 60%","41 - 60%","4","3","4","61 - 90 menit","5","61 - 90 menit","01.00 - 02.00 WIB"
"2020/11/09 4:48:58 PM GMT+7","Agung","Laki-laki","JTEIF/IF","3","ITERA","Bandar Lampung","121 - 150 menit","61 - 80%","41 - 60%","3","4","4","61 - 90 menit","3","31 - 60 menit","23.00 - 00.00 WIB"
"2020/11/11 6:07:45 AM GMT+7","Lia","Perempuan","FMIPA/Matematika","2","ITB","Banten","61 - 90 menit","21 - 40%","61 - 80%","2","3","4","0 - 30 menit","4","31 - 60 menit","22.00 - 23.00 WIB"